record_id,run_id,database_scope,retrieval_source,retrieval_method,query_id,query_text,source_record_id,title,title_normalized,abstract,authors,first_author,publication_date,year,updated_date,doi,doi_normalized,arxiv_id,publisher,container_title,document_type,issn,isbn,volume,issue,pages,subjects,categories,license,is_open_access,landing_page_url,abstract_url,pdf_url,raw_source_file,retrieved_at_utc,relevance_score,positive_matches,negative_matches,score_explanation,topic_class,publisher_validation,publisher_validation_reason,duplicate_group_id,merged_sources,screening_status,exclusion_reason,notes
2026-07-09T173807Z_cb9491e_R000001,2026-07-09T173807Z_cb9491e,arXiv,arXiv API,arXiv API search,Q01,"all:""quantum diffusion model""",2607.07072,An Hybrid Quantum-Classical Diffusion Model for Image Generation,an hybrid quantum classical diffusion model for image generation,"Quantum diffusion models provide a physics-consistent route to generative learning by formulating noising and denoising directly on quantum states. However, applying such models to classical high-dimensional data is constrained by the qubit cost of state encoding and the computational burden of simulating large density operators. We propose a scalable hybrid generative pipeline that combines a classical autoencoder for dimensionality reduction with a mixed-state quantum denoising diffusion probabilistic model (MSQuDDPM) operating in the learned latent space. The autoencoder compresses data into compact latent codes that can be embedded into a small-qubit Hilbert space, after which the quantum diffusion model learns a generative distribution over latent density operators and decodes samples back to the original domain. Algorithmically, we simplify the reverse dynamics by predicting an estimate of the clean state $ρ_0$ at timestep $t$ and computing the one-step reverse update via an analytic backward propagation rule, rather than learning an explicit predictor for $ρ_{t-1}$. We demonstrate the proposed approach on MNIST image generation and discuss how mixed-state quantum diffusion can serve as a practical backbone for hybrid quantum--classical generative modeling under realistic qubit budgets.",Qipeng Qian; Keli Deng; Yuntao Qian,Qipeng Qian,2026-07-08T07:01:07Z,2026,2026-07-08T07:01:07Z,,,2607.07072,arXiv,,preprint,,,,,,,cs.LG,,,https://arxiv.org/abs/2607.07072v1,https://arxiv.org/abs/2607.07072v1,https://arxiv.org/pdf/2607.07072v1,data/raw/2026-07-09T173807Z_cb9491e/arxiv/Q01_start0.xml,2026-07-09T17:38:07.713149+00:00,27.0,quantum:3; diffusion:3; \bdiffusion model(s)?\b:6; \bdenoising diffusion\b:7; \bdenoising diffusion probabilistic model(s)?\b:8,,score=27; positives=5; negatives=0,DDPM / denoising diffusion,valid,Retrieved from arXiv public API.,D00001,arXiv,not_screened,,
2026-07-09T173807Z_cb9491e_R000004,2026-07-09T173807Z_cb9491e,arXiv,arXiv API,arXiv API search,Q06,"all:""stochastic Schrödinger diffusion""",2605.03573,Stochastic Schrödinger Diffusion Models for Pure-State Ensemble Generation,stochastic schrodinger diffusion models for pure state ensemble generation,"Quantum machine learning increasingly relies on pure-state representations, motivating generative models that sample directly in quantum representation space rather than perturbing classical inputs and re-encoding. We introduce Stochastic Schrödinger Diffusion Models (SSDMs), a score-based generative framework that defines diffusion, scores, and reverse-time sampling intrinsically on the complex projective manifold $\mathbb{CP}^{d-1}$ under the Fubini--Study metric. SSDMs combine a Riemannian Ornstein--Uhlenbeck forward diffusion with a stochastic Schrödinger realization, and learn reverse-time dynamics driven by the Riemannian score. Our central technical contribution is a local-time learning objective that exploits the local Euclidean OU limit of intrinsic manifold diffusions in Fubini-Study normal coordinates to obtain an analytic teacher score, bypassing the intractable transition densities that limit existing Riemannian score-based models. Across synthetic, physics-inspired (TFIM, XXZ), and quantum feature-state benchmarks up to $14$ qubits, SSDMs match target pure-state ensembles by orders of magnitude on MMD and observable statistics over both ambient Euclidean and matched Riemannian score-based baselines, and improve representation-level diagnostics for downstream quantum kernel methods.",Jian Xu; Wei Chen; Shigui Li; Chao Li; Jingyuan Zheng; Delu Zeng; John Paisley; Qibin Zhao,Jian Xu,2026-05-05T09:44:14Z,2026,2026-06-15T12:42:57Z,,,2605.03573,arXiv,,preprint,,,,,,,stat.ML; cs.LG,,,https://arxiv.org/abs/2605.03573v3,https://arxiv.org/abs/2605.03573v3,https://arxiv.org/pdf/2605.03573v3,data/raw/2026-07-09T173807Z_cb9491e/arxiv/Q06_start0.xml,2026-07-09T17:38:09.246298+00:00,34.0,quantum:3; diffusion:3; \bdiffusion model(s)?\b:6; \bscore[- ]based\b:6; \bgenerative model(s)?\b:4; \bquantum machine learning\b:4; \bstochastic schr[oö]dinger diffusion\b:8,,score=34; positives=7; negatives=0,score-based diffusion; stochastic Schrödinger diffusion,valid,Retrieved from arXiv public API.,D00002,arXiv,not_screened,,
2026-07-09T173807Z_cb9491e_R000005,2026-07-09T173807Z_cb9491e,arXiv,arXiv API,arXiv API search,Q08,"all:""quantum generative model"" AND all:""diffusion""",2606.28483,Quantum Fourier Generative Models Trainable at Large Scale,quantum fourier generative models trainable at large scale,"We propose an algorithmic framework for building and training quantum generative models corresponding to multivariate probability distributions. Our model uses parallel Fourier feature maps for embedding continuous-valued variables combined with a forrelation-type quantum circuit for tuning Fourier coefficients of the quantum model. Crucially, we develop a distinct training strategy where training is enabled at large scale by log-likelihood loss with unbiased Monte Carlo estimator based on Parseval's identity. Unlike prior work that relied on maximal mean discrepancy (MMD) loss, our approach goes beyond matching just low frequency moments, while enabling efficient classical training. Once the model is trained, we use inverse quantum Fourier transforms to map it into a separate sampling circuit in the computational basis. We demonstrate the efficiency of the suggested framework by validating loss estimation at the scale of over 1000 qubits on a single GPU. We show that univariate and bivariate models with highly non-trivial structure can be trained to low total variation distance, while fine-tuned IQP models with MMD loss show poor performance. Comparing to classical baselines represented by normalizing flow and diffusion models, we show that our approach avoids oversmoothing and preserves multi-modal structure of the target. Finally, we have deployed the trained models on superconducting quantum devices, successfully sampling distributions with per-sample execution times of approximately $300\,μ\mathrm{s}$. Our work shows that quantum generative models with the train-on-classical deploy-on-quantum approach can provide both high-quality structure at increased scale and fast sampling access needed for inference.",Cenk Tüysüz; Oleksandr Kyriienko; Michele Grossi,Cenk Tüysüz,2026-06-26T18:00:00Z,2026,2026-06-26T18:00:00Z,,,2606.28483,arXiv,,preprint,,,,,,,quant-ph,,,https://arxiv.org/abs/2606.28483v1,https://arxiv.org/abs/2606.28483v1,https://arxiv.org/pdf/2606.28483v1,data/raw/2026-07-09T173807Z_cb9491e/arxiv/Q08_start0.xml,2026-07-09T17:38:09.840917+00:00,25.0,quantum:3; diffusion:3; \bdiffusion model(s)?\b:6; \bgenerative model(s)?\b:4; \bquantum generative\b:6; \bquantum circuit(s)?\b:3,,score=25; positives=6; negatives=0,quantum circuit diffusion; quantum generative model,valid,Retrieved from arXiv public API.,D00003,arXiv,not_screened,,
2026-07-09T173807Z_cb9491e_R000007,2026-07-09T173807Z_cb9491e,arXiv,arXiv API,arXiv API search,Q10,"all:""quantum circuit"" AND all:""diffusion model""",2606.29636,Lie Group Diffusion Models for Hardware-Aware Quantum Circuit Synthesis,lie group diffusion models for hardware aware quantum circuit synthesis,"An important task in quantum computing is unitary circuit synthesis compatible with physical hardware constraints. This problem has a natural hybrid structure as local single-qubit gates are continuous variables on the Lie group $SU(2)$ while the entangling circuit structure is discrete and hardware-dependent. In this work, we use generative models to perform quantum circuit synthesis incorporating both the natural $SU(2)$ manifold geometry of quantum gates and hardware constraints that determine the overall circuit structure. Our model comprises two components: a circuit skeleton selector that chooses an entangling circuit and a diffusion model that generates quantum gates on the given circuit template by performing diffusion on the curved manifold $\mathrm{SU(2)} \simeq S^3$ itself. We demonstrate this approach with unitary compilation of physically motivated three-qubit Hamiltonian simulation targets such as the Transverse Field Ising Model and the Heisenberg-XXZ Model and show that Lie group diffusion outperforms comparable baselines. The synthesised circuits can also be customised subject to constraints, which we demonstrate by producing circuits with large and small gate rotation angles for the same target unitary evolution. We also investigate the fidelity-complexity frontier of the synthesised gates to demonstrate that the circuit selector learns to select circuits that balance fidelity with complexity rather than collapsing onto the most expansive entangling template. These results demonstrate that Lie group diffusion provides a natural generative framework for hardware-aware quantum circuit synthesis.",Jyotirmai Singh,Jyotirmai Singh,2026-06-28T22:59:34Z,2026,2026-06-28T22:59:34Z,,,2606.29636,arXiv,,preprint,,,,,,,quant-ph; cs.LG,,,https://arxiv.org/abs/2606.29636v1,https://arxiv.org/abs/2606.29636v1,https://arxiv.org/pdf/2606.29636v1,data/raw/2026-07-09T173807Z_cb9491e/arxiv/Q10_start0.xml,2026-07-09T17:38:10.582620+00:00,19.0,quantum:3; diffusion:3; \bdiffusion model(s)?\b:6; \bgenerative model(s)?\b:4; \bquantum circuit(s)?\b:3,,score=19; positives=5; negatives=0,quantum circuit diffusion,valid,Retrieved from arXiv public API.,D00004,arXiv,not_screened,,
2026-07-09T173807Z_cb9491e_R000008,2026-07-09T173807Z_cb9491e,arXiv,arXiv API,arXiv API search,Q11,"all:""quantum neural network"" AND all:""diffusion model""",2606.27561,Quantum Generative Diffusion Model for Real-World Time Series,quantum generative diffusion model for real world time series,"Generative models have achieved remarkable success in data synthesis, though recent advances driven by increasing model scale have introduced challenges in computational cost and efficiency. Quantum machine learning offers a promising alternative, representing complex data distributions using compact, highly expressive models. Here, we propose QDiffusion-TS, the first quantum generative diffusion model for time series synthesis, and validate it on the IQM quantum processor. The framework extends a classical diffusion architecture by replacing feed-forward components within the denoising transformer with quantum neural networks, yielding a hybrid quantum transformer that reduces the number of trainable parameters in each replaced component by nearly three orders of magnitude. Evaluated on financial time series from Apple and Amazon, the model generates synthetic data that more accurately reproduces the real distributions, reducing Wasserstein distance by approximately 44% relative to its classical counterpart across both datasets. In a downstream forecasting task, augmentation with the generated data improves predictive performance by up to 71% in RMSE over a baseline trained solely on real data. These results show that quantum enhanced architectures can consistently match and frequently surpass classical performance with substantially fewer parameters, establishing a practical framework towards more efficient and scalable data-driven generative modelling.",Jack Waller; Filippo Caruso; Dimitrios Makris; Rajagopal Nilavalan; Xing Liang,Jack Waller,2026-06-25T21:33:57Z,2026,2026-06-25T21:33:57Z,,,2606.27561,arXiv,,preprint,,,,,,,cs.LG; quant-ph,,,https://arxiv.org/abs/2606.27561v1,https://arxiv.org/abs/2606.27561v1,https://arxiv.org/pdf/2606.27561v1,data/raw/2026-07-09T173807Z_cb9491e/arxiv/Q11_start0.xml,2026-07-09T17:38:10.919562+00:00,30.0,quantum:3; diffusion:3; \bdiffusion model(s)?\b:6; \bgenerative model(s)?\b:4; \bquantum generative\b:6; \bquantum machine learning\b:4; \bquantum neural network(s)?\b:4,,score=30; positives=7; negatives=0,quantum neural-network diffusion; quantum generative model,valid,Retrieved from arXiv public API.,D00005,arXiv,not_screened,,
2026-07-09T173807Z_cb9491e_R000009,2026-07-09T173807Z_cb9491e,arXiv,arXiv API,arXiv API search,Q12,"all:""variational quantum"" AND all:""diffusion model""",2605.23403,Hybrid Quantum-Classical Corrective Diffusion Modeling for Meteorological Downscaling,hybrid quantum classical corrective diffusion modeling for meteorological downscaling,"Statistical downscaling is a crucial component of the weather modeling field, where high-resolution outputs must be reconstructed from coarse-resolution inputs with the full cost of dynamical refinement. In this work, we investigate a hybrid quantum-classical corrective diffusion model for probabilistic statistical downscaling of weather fields. The proposed model inserts variational quantum circuit layers into the most compressed bottleneck of the diffusion UNet while leaving the regression branch fully classical. This placement tests whether quantum circuits can act as compact nonlinear feature maps for latent-channel mixing. We evaluate intra-channel and cross-channel ansätze on 10m wind components. On the 2020 validation set, the hybrid models remain stable, preserve the large-scale spatial organization of the generated wind fields, and improve both MAE and CRPS relative to a classical corrective diffusion model in several configurations. Structural diagnostics further show that the hybrid variants preserve kinetic-energy spectra and windspeed distributions similar to its classical counterpart while producing controlled changes in tail behavior, extreme-windspeed localization, and joint wind field components structure. Backend studies on the 2020 validation set show negligible impact from simulated device noise at the tested circuit scale, whereas real-hardware deployment remains limited by qubit availability and execution fidelity. The 2021 out-of-distribution test shows that these in-distribution gains do not transfer uniformly under temporal shift, revealing a generalization gap that motivates future mitigation through stabilization and regularization. These results show that bottleneck-level quantum hybridization can make a nontrivial contribution to weather statistical downscaling, while also highlighting that circuit scale and hardware deployment remain key limiting factors.",Rui Wang; Edoardo Pasetto; Amer Delilbasic; Morris Riedel; Kristel Michielsen; Gabriele Cavallaro,Rui Wang,2026-05-22T09:14:25Z,2026,2026-05-22T09:14:25Z,,,2605.23403,arXiv,,preprint,,,,,,,cs.LG; physics.ao-ph; quant-ph,,,https://arxiv.org/abs/2605.23403v1,https://arxiv.org/abs/2605.23403v1,https://arxiv.org/pdf/2605.23403v1,data/raw/2026-07-09T173807Z_cb9491e/arxiv/Q12_start0.xml,2026-07-09T17:38:11.197692+00:00,18.0,quantum:3; diffusion:3; \bdiffusion model(s)?\b:6; \bquantum circuit(s)?\b:3; \bvariational quantum\b:3,,score=18; positives=5; negatives=0,quantum circuit diffusion; variational quantum diffusion,valid,Retrieved from arXiv public API.,D00006,arXiv,not_screened,,
2026-07-09T173807Z_cb9491e_R000012,2026-07-09T173807Z_cb9491e,arXiv,arXiv API,arXiv API search,Q15,"all:""quantum"" AND all:""DDPM""",2605.13268,Physics Guided Generative Optimization for Trotter Suzuki Decomposition,physics guided generative optimization for trotter suzuki decomposition,"Trotter Suzuki product formulas are the standard route to Hamiltonian evolution on noisy intermediate-scale quantum (\NISQ{}) hardware, but their accuracy depends on three coupled choices: term grouping, product-formula order, and time-step allocation. Grouping and order are discrete, which makes direct gradient optimization infeasible and forces existing compilers to rely on static heuristics. We describe P-GONE, a method that combines a conditional diffusion model (D3PM + DDPM), a graph neural network (\GNN{}) encoder, and closed-loop REINFORCE fine-tuning to jointly learn grouping, order, and time-step optimization over a mixed discrete-continuous space. Under fidelity-matched conditions ($F \geq 0.95$), the method achieves circuit depth 86 versus 1673 for Qiskit fourth-order (ungrouped, Suzuki-4), about $19.4\times$ compression, and 141 for Paulihedral (first-order Trotter), about $1.6\times$ compression. At $T=0.90$ the method also beats the Qiskit group-commuting teacher (65 vs 103, $1.6\times$ compression), though at $T=0.95$ the teacher still leads -- a stratified pattern that points toward fidelity-aware fine-tuning. Under a standard depolarizing noise model, the method achieves noisy fidelity roughly $2\times$ the Qiskit fourth-order baseline (0.743 vs 0.380). Ablation shows a clear hierarchy: order learning $>$ time allocation $>$ grouping. Best-of-N sampling ($N=32$ is a practical sweet spot) and CFG guidance give flexible fidelity-depth trade-offs at inference. The method works well on structured Hamiltonians (TFIM, Heisenberg), but random Pauli Hamiltonians fail entirely at $T \geq 0.95$ -- a boundary that defines where the method applies.",WenBin Yan,WenBin Yan,2026-05-13T09:48:33Z,2026,2026-06-04T20:01:09Z,,,2605.13268,arXiv,,preprint,,,,,,,quant-ph; cs.LG,,,https://arxiv.org/abs/2605.13268v2,https://arxiv.org/abs/2605.13268v2,https://arxiv.org/pdf/2605.13268v2,data/raw/2026-07-09T173807Z_cb9491e/arxiv/Q15_start0.xml,2026-07-09T17:38:12.175726+00:00,18.0,quantum:3; diffusion:3; \bdiffusion model(s)?\b:6; \bddpm\b:6,,score=18; positives=4; negatives=0,DDPM / denoising diffusion,valid,Retrieved from arXiv public API.,D00007,arXiv,not_screened,,
2026-07-09T173807Z_cb9491e_R000013,2026-07-09T173807Z_cb9491e,arXiv,arXiv API,arXiv API search,Q16,"all:""quantum"" AND all:""score matching"" AND all:""diffusion""",2606.05217,The Score Hamiltonian: Mapping Diffusion Models to Adiabatic Transport,the score hamiltonian mapping diffusion models to adiabatic transport,"We exhibit an exact correspondence between sampling with score-based diffusion models and adiabatic transport of ground states for a family of Schrödinger operators we call Score Hamiltonians, built from the learned score's quantum potential. We obtain novel density reconstruction bounds and principled annealing schedules via adiabatic theorems for Fokker-Planck equations with time-varying potentials. We find the fundamental limit of sampling is set by the ratio of squared score-matching error to Score Hamiltonian spectral gap - the inverse Poincaré constant of the data density.",Peter Halmos; Boris Hanin,Peter Halmos,2026-05-28T18:39:52Z,2026,2026-06-22T00:30:31Z,,,2606.05217,arXiv,,preprint,,,,,,,math-ph; cs.AI; cs.LG; physics.data-an,,,https://arxiv.org/abs/2606.05217v2,https://arxiv.org/abs/2606.05217v2,https://arxiv.org/pdf/2606.05217v2,data/raw/2026-07-09T173807Z_cb9491e/arxiv/Q16_start0.xml,2026-07-09T17:38:12.475970+00:00,18.0,quantum:3; diffusion:3; \bdiffusion model(s)?\b:6; \bscore[- ]based\b:6,,score=18; positives=4; negatives=0,score-based diffusion,valid,Retrieved from arXiv public API.,D00008,arXiv,not_screened,,
2026-07-09T173807Z_cb9491e_R000014,2026-07-09T173807Z_cb9491e,arXiv,arXiv API,arXiv API search,Q17,"all:""quantum"" AND all:""Schrödinger bridge"" AND all:""diffusion""",2508.08511,Control-affine Schrödinger Bridge and Generalized Bohm Potential,control affine schrodinger bridge and generalized bohm potential,"The control-affine Schrödinger bridge concerns with a stochastic optimal control problem. Its solution is a controlled evolution of joint state probability density subject to a control-affine Itô diffusion with a given deadline connecting a given pair of initial and terminal densities. In this work, we recast the necessary conditions of optimality for the control-affine Schrödinger bridge problem as a two point boundary value problem for a quantum mechanical Schrödinger PDE with complex potential. This complex-valued potential is a generalization of the real-valued Bohm potential in quantum mechanics. Our derived potential is akin to the optical potential in nuclear physics where the real part of the potential encodes elastic scattering (transmission of wave function), and the imaginary part encodes inelastic scattering (absorption of wave function). The key takeaway is that the process noise that drives the evolution of probability densities induces an absorbing medium in the evolution of wave function. These results make new connections between control theory and non-equilibrium statistical mechanics through the lens of quantum mechanics.",Alexis M. H. Teter; Abhishek Halder; Michael D. Schneider; Alexx S. Perloff; Jane Pratt; Conor M. Artman; Maria Demireva,Alexis M. H. Teter,2025-08-11T22:41:41Z,2025,2025-11-12T17:30:54Z,,,2508.08511,arXiv,,preprint,,,,,,,math.OC; eess.SY; math-ph; math.PR,,,https://arxiv.org/abs/2508.08511v2,https://arxiv.org/abs/2508.08511v2,https://arxiv.org/pdf/2508.08511v2,data/raw/2026-07-09T173807Z_cb9491e/arxiv/Q17_start0.xml,2026-07-09T17:38:12.754567+00:00,10.0,quantum:3; diffusion:3; \bschr[oö]dinger bridge\b:4,,score=10; positives=3; negatives=0,Schrödinger bridge,valid,Retrieved from arXiv public API.,D00009,arXiv,not_screened,,
2026-07-09T173807Z_cb9491e_R000016,2026-07-09T173807Z_cb9491e,IEEE,Crossref,Crossref DOI-prefix search,Q01,"""quantum diffusion model""",10.1109/qce60285.2024.10371,Understanding of the Diffusion Noise in Quantum Latent Diffusion Model,understanding of the diffusion noise in quantum latent diffusion model,,Jeihee Cho; Junyong Lee; Shiho Kim,Jeihee Cho,2024-09-15,2024,2025-01-11,10.1109/qce60285.2024.10371,10.1109/qce60285.2024.10371,,IEEE,2024 IEEE International Conference on Quantum Computing and Engineering (QCE),proceedings-article,,,,,492-493,,,https://doi.org/10.15223/policy-029; https://doi.org/10.15223/policy-037,True,https://doi.org/10.1109/qce60285.2024.10371,,,data/raw/2026-07-09T173807Z_cb9491e/ieee_crossref/Q01_10_1109_page0.json.gz,2026-07-09T17:38:13.733026+00:00,12.0,quantum:3; diffusion:3; \bdiffusion model(s)?\b:6,,score=12; positives=3; negatives=0,other / manual assessment required,valid,DOI prefix matches 10.1109; publisher=IEEE,D00010,IEEE,not_screened,,
2026-07-09T173807Z_cb9491e_R000017,2026-07-09T173807Z_cb9491e,IEEE,Crossref,Crossref DOI-prefix search,Q02,"""quantum diffusion models""",10.1109/qsw62656.2024.00023,Quantum Denoising Diffusion Models,quantum denoising diffusion models,,Michael Kölle; Gerhard Stenzel; Jonas Stein; Sebastian Zielinski; Björn Ommer; Claudia Linnhoff-Popien,Michael Kölle,2024-07-07,2024,2024-09-05,10.1109/qsw62656.2024.00023,10.1109/qsw62656.2024.00023,,IEEE,2024 IEEE International Conference on Quantum Software (QSW),proceedings-article,,,,,88-98,,,https://doi.org/10.15223/policy-029; https://doi.org/10.15223/policy-037,True,https://doi.org/10.1109/qsw62656.2024.00023,,,data/raw/2026-07-09T173807Z_cb9491e/ieee_crossref/Q02_10_1109_page0.json.gz,2026-07-09T17:38:13.943179+00:00,19.0,quantum:3; diffusion:3; \bdiffusion model(s)?\b:6; \bdenoising diffusion\b:7,,score=19; positives=4; negatives=0,DDPM / denoising diffusion,valid,DOI prefix matches 10.1109; publisher=IEEE,D00011,IEEE,not_screened,,
2026-07-09T173807Z_cb9491e_R000019,2026-07-09T173807Z_cb9491e,IEEE,Crossref,Crossref DOI-prefix search,Q04,"""quantum score-based""",10.1109/icaiqsa64000.2024.10882211,Forecasting IPL Score Using Machine Learning Techniques,forecasting ipl score using machine learning techniques,,Riddhi Panchal; Gopal Sakarkar; Nilesh Shelke; Amit Pimpalkar,Riddhi Panchal,2024-12-20,2024,2025-06-03,10.1109/icaiqsa64000.2024.10882211,10.1109/icaiqsa64000.2024.10882211,,IEEE,2024 International Conference on Artificial Intelligence and Quantum Computation-Based Sensor Application (ICAIQSA),proceedings-article,,,,,1-5,,,https://doi.org/10.15223/policy-029; https://doi.org/10.15223/policy-037,True,https://doi.org/10.1109/icaiqsa64000.2024.10882211,,,data/raw/2026-07-09T173807Z_cb9491e/ieee_crossref/Q04_10_1109_page0.json.gz,2026-07-09T17:38:14.338115+00:00,3.0,quantum:3,,score=3; positives=1; negatives=0,other / manual assessment required,valid,DOI prefix matches 10.1109; publisher=IEEE,D00012,IEEE,not_screened,,
2026-07-09T173807Z_cb9491e_R000021,2026-07-09T173807Z_cb9491e,IEEE,Crossref,Crossref DOI-prefix search,Q06,"""stochastic Schrödinger diffusion""",10.1109/cdc45484.2021.9683765,From the Heisenberg to the Schrödinger Picture: Quantum Stochastic Processes and Process Tensors,from the heisenberg to the schrodinger picture quantum stochastic processes and process tensors,,Hendra I. Nurdin; John Gough,Hendra I. Nurdin,2021-12-14,2021,2022-06-06,10.1109/cdc45484.2021.9683765,10.1109/cdc45484.2021.9683765,,IEEE,2021 60th IEEE Conference on Decision and Control (CDC),proceedings-article,,,,,4164-4169,,,https://doi.org/10.15223/policy-029; https://doi.org/10.15223/policy-037,True,https://doi.org/10.1109/cdc45484.2021.9683765,,,data/raw/2026-07-09T173807Z_cb9491e/ieee_crossref/Q06_10_1109_page0.json.gz,2026-07-09T17:38:14.772881+00:00,3.0,quantum:3,,score=3; positives=1; negatives=0,other / manual assessment required,valid,DOI prefix matches 10.1109; publisher=IEEE,D00013,IEEE,not_screened,,
2026-07-09T173807Z_cb9491e_R000022,2026-07-09T173807Z_cb9491e,IEEE,Crossref,Crossref DOI-prefix search,Q07,"""stochastic Schrodinger diffusion""",10.1109/ecoc48923.2020.9333375,Stochastic Anti-symmetric Schrodinger Equations for Non-Manakovian Propagation,stochastic anti symmetric schrodinger equations for non manakovian propagation,,Lothar Moeller,Lothar Moeller,2020-12-01,2020,2022-06-27,10.1109/ecoc48923.2020.9333375,10.1109/ecoc48923.2020.9333375,,IEEE,2020 European Conference on Optical Communications (ECOC),proceedings-article,,,,,1-4,,,https://ieeexplore.ieee.org/Xplorehelp/downloads/license-information/IEEE.html; https://doi.org/10.15223/policy-029; https://doi.org/10.15223/policy-037,True,https://doi.org/10.1109/ecoc48923.2020.9333375,,,data/raw/2026-07-09T173807Z_cb9491e/ieee_crossref/Q07_10_1109_page0.json.gz,2026-07-09T17:38:14.950850+00:00,0.0,,,score=0; positives=0; negatives=0,other / manual assessment required,valid,DOI prefix matches 10.1109; publisher=IEEE,D00014,IEEE,not_screened,,
2026-07-09T173807Z_cb9491e_R000023,2026-07-09T173807Z_cb9491e,IEEE,Crossref,Crossref DOI-prefix search,Q08,"""quantum generative model"" diffusion",10.1109/icassp55912.2026.11461991,Quantum Reinforcement Learning-Guided Diffusion Model for Image Synthesis via Hybrid Quantum-Classical Generative Model Architectures,quantum reinforcement learning guided diffusion model for image synthesis via hybrid quantum classical generative model architectures,,Chi-Sheng Chen; En-Jui Kuo,Chi-Sheng Chen,2026-05-03,2026,2026-04-22,10.1109/icassp55912.2026.11461991,10.1109/icassp55912.2026.11461991,,IEEE,"ICASSP 2026 - 2026 IEEE International Conference on Acoustics, Speech and Signal Processing (ICASSP)",proceedings-article,,,,,22422-22426,,,https://doi.org/10.15223/policy-029; https://doi.org/10.15223/policy-037,True,https://doi.org/10.1109/icassp55912.2026.11461991,,,data/raw/2026-07-09T173807Z_cb9491e/ieee_crossref/Q08_10_1109_page0.json.gz,2026-07-09T17:38:15.170502+00:00,16.0,quantum:3; diffusion:3; \bdiffusion model(s)?\b:6; \bgenerative model(s)?\b:4,,score=16; positives=4; negatives=0,other / manual assessment required,valid,DOI prefix matches 10.1109; publisher=IEEE,D00015,IEEE,not_screened,,
2026-07-09T173807Z_cb9491e_R000024,2026-07-09T173807Z_cb9491e,IEEE,Crossref,Crossref DOI-prefix search,Q09,"""quantum generative models"" diffusion",10.1109/tgrs.2025.3543670/v1/review1,"Review for ""Super-Resolved 3-D Satellite Lidar Imaging of Earth via Generative Diffusion Models""",review for super resolved 3 d satellite lidar imaging of earth via generative diffusion models,,,,2024-11-03,2024,2025-10-21,10.1109/tgrs.2025.3543670/v1/review1,10.1109/tgrs.2025.3543670/v1/review1,,Institute of Electrical and Electronics Engineers (IEEE),,peer-review,,,,,,,,,,https://doi.org/10.1109/tgrs.2025.3543670/v1/review1,,,data/raw/2026-07-09T173807Z_cb9491e/ieee_crossref/Q09_10_1109_page0.json.gz,2026-07-09T17:38:15.357956+00:00,9.0,diffusion:3; \bdiffusion model(s)?\b:6,,score=9; positives=2; negatives=0,other / manual assessment required,valid,DOI prefix matches 10.1109; publisher=Institute of Electrical and Electronics Engineers (IEEE),D00016,IEEE,not_screened,,
2026-07-09T173807Z_cb9491e_R000025,2026-07-09T173807Z_cb9491e,IEEE,Crossref,Crossref DOI-prefix search,Q10,"""quantum circuit"" ""diffusion model""",10.1109/tqe.2025.3544839,Explicit Quantum Circuit for Simulating the Advection–Diffusion–Reaction Dynamics,explicit quantum circuit for simulating the advectiondiffusionreaction dynamics,,Claudio Sanavio; Enea Mauri; Sauro Succi,Claudio Sanavio,2025-01-01,2025,2025-03-29,10.1109/tqe.2025.3544839,10.1109/tqe.2025.3544839,,Institute of Electrical and Electronics Engineers (IEEE),IEEE Transactions on Quantum Engineering,journal-article,2689-1808,,6,,1-12,,,https://creativecommons.org/licenses/by/4.0/legalcode,True,https://doi.org/10.1109/tqe.2025.3544839,,,data/raw/2026-07-09T173807Z_cb9491e/ieee_crossref/Q10_10_1109_page0.json.gz,2026-07-09T17:38:15.654412+00:00,9.0,quantum:3; diffusion:3; \bquantum circuit(s)?\b:3,,score=9; positives=3; negatives=0,quantum circuit diffusion,valid,DOI prefix matches 10.1109; publisher=Institute of Electrical and Electronics Engineers (IEEE),D00017,IEEE,not_screened,,
2026-07-09T173807Z_cb9491e_R000026,2026-07-09T173807Z_cb9491e,IEEE,Crossref,Crossref DOI-prefix search,Q11,"""quantum neural network"" ""diffusion model""",10.1109/ijcnn55064.2022.9892246,Neural Network Model Reconstructed from Entangled Quantum States,neural network model reconstructed from entangled quantum states,,Junwei Zhang; Zhao Li; Jianmao Xiao; Ming Li,Junwei Zhang,2022-07-18,2022,2023-11-28,10.1109/ijcnn55064.2022.9892246,10.1109/ijcnn55064.2022.9892246,,IEEE,2022 International Joint Conference on Neural Networks (IJCNN),proceedings-article,,,,,1-8,,,https://doi.org/10.15223/policy-029; https://doi.org/10.15223/policy-037,True,https://doi.org/10.1109/ijcnn55064.2022.9892246,,,data/raw/2026-07-09T173807Z_cb9491e/ieee_crossref/Q11_10_1109_page0.json.gz,2026-07-09T17:38:15.866073+00:00,3.0,quantum:3,,score=3; positives=1; negatives=0,other / manual assessment required,valid,DOI prefix matches 10.1109; publisher=IEEE,D00018,IEEE,not_screened,,
2026-07-09T173807Z_cb9491e_R000028,2026-07-09T173807Z_cb9491e,IEEE,Crossref,Crossref DOI-prefix search,Q13,"""quantum machine learning"" ""diffusion model""",10.1109/ncim65934.2025.11160179,Quantum Machine Learning for Image Classification: A Hybrid Model of Residual Network with Quantum Support Vector Machine,quantum machine learning for image classification a hybrid model of residual network with quantum support vector machine,,Md. Farhan Shahriyar; Gazi Tanbhir; Abdullah Md Raihan Chy,Md. Farhan Shahriyar,2025-06-27,2025,2025-09-18,10.1109/ncim65934.2025.11160179,10.1109/ncim65934.2025.11160179,,IEEE,"2025 2nd International Conference on Next-Generation Computing, IoT and Machine Learning (NCIM)",proceedings-article,,,,,1-6,,,https://doi.org/10.15223/policy-029; https://doi.org/10.15223/policy-037,True,https://doi.org/10.1109/ncim65934.2025.11160179,,,data/raw/2026-07-09T173807Z_cb9491e/ieee_crossref/Q13_10_1109_page0.json.gz,2026-07-09T17:38:16.386628+00:00,7.0,quantum:3; \bquantum machine learning\b:4,,score=7; positives=2; negatives=0,other / manual assessment required,valid,DOI prefix matches 10.1109; publisher=IEEE,D00019,IEEE,not_screened,,
2026-07-09T173807Z_cb9491e_R000029,2026-07-09T173807Z_cb9491e,IEEE,Crossref,Crossref DOI-prefix search,Q14,"quantum ""denoising diffusion probabilistic model""",10.1109/tgrs.2025.3564959/v2/review3,"Review for ""D3PM: Dual-Stream Denoising Diffusion Probabilistic Model for Change Detection in Multimodal Remote Sensing Images""",review for d3pm dual stream denoising diffusion probabilistic model for change detection in multimodal remote sensing images,,,,2025-04-22,2025,2025-10-21,10.1109/tgrs.2025.3564959/v2/review3,10.1109/tgrs.2025.3564959/v2/review3,,Institute of Electrical and Electronics Engineers (IEEE),,peer-review,,,,,,,,,,https://doi.org/10.1109/tgrs.2025.3564959/v2/review3,,,data/raw/2026-07-09T173807Z_cb9491e/ieee_crossref/Q14_10_1109_page0.json.gz,2026-07-09T17:38:16.594988+00:00,18.0,diffusion:3; \bdenoising diffusion\b:7; \bdenoising diffusion probabilistic model(s)?\b:8,,score=18; positives=3; negatives=0,DDPM / denoising diffusion,valid,DOI prefix matches 10.1109; publisher=Institute of Electrical and Electronics Engineers (IEEE),D00020,IEEE,not_screened,,
2026-07-09T173807Z_cb9491e_R000030,2026-07-09T173807Z_cb9491e,IEEE,Crossref,Crossref DOI-prefix search,Q15,quantum DDPM,10.1109/qce60285.2024.10259,QRNG-DDPM: Enhancing Diffusion Models Through Fitting Mixture Noise with Quantum Random Number,qrng ddpm enhancing diffusion models through fitting mixture noise with quantum random number,,Yifeng Peng; Xinyi Li; Ying Wang,Yifeng Peng,2024-09-15,2024,2025-01-11,10.1109/qce60285.2024.10259,10.1109/qce60285.2024.10259,,IEEE,2024 IEEE International Conference on Quantum Computing and Engineering (QCE),proceedings-article,,,,,92-96,,,https://doi.org/10.15223/policy-029; https://doi.org/10.15223/policy-037,True,https://doi.org/10.1109/qce60285.2024.10259,,,data/raw/2026-07-09T173807Z_cb9491e/ieee_crossref/Q15_10_1109_page0.json.gz,2026-07-09T17:38:16.794803+00:00,18.0,quantum:3; diffusion:3; \bdiffusion model(s)?\b:6; \bddpm\b:6,,score=18; positives=4; negatives=0,DDPM / denoising diffusion,valid,DOI prefix matches 10.1109; publisher=IEEE,D00021,IEEE,not_screened,,
2026-07-09T173807Z_cb9491e_R000031,2026-07-09T173807Z_cb9491e,IEEE,Crossref,Crossref DOI-prefix search,Q16,"quantum ""score matching"" diffusion",10.1109/tmm.2026.3685791,Navigating Score Matching within Diffusion Models,navigating score matching within diffusion models,,Junyu Zhang; Daochang Liu; Shichao Zhang; Chang Xu,Junyu Zhang,2026-01-01,2026,2026-04-22,10.1109/tmm.2026.3685791,10.1109/tmm.2026.3685791,,Institute of Electrical and Electronics Engineers (IEEE),IEEE Transactions on Multimedia,journal-article,1520-9210; 1941-0077,,,,1-12,,,https://ieeexplore.ieee.org/Xplorehelp/downloads/license-information/IEEE.html; https://doi.org/10.15223/policy-029; https://doi.org/10.15223/policy-037,True,https://doi.org/10.1109/tmm.2026.3685791,,,data/raw/2026-07-09T173807Z_cb9491e/ieee_crossref/Q16_10_1109_page0.json.gz,2026-07-09T17:38:16.992028+00:00,14.0,diffusion:3; \bdiffusion model(s)?\b:6; \bscore matching\b:5,,score=14; positives=3; negatives=0,score-based diffusion,valid,DOI prefix matches 10.1109; publisher=Institute of Electrical and Electronics Engineers (IEEE),D00022,IEEE,not_screened,,
2026-07-09T173807Z_cb9491e_R000032,2026-07-09T173807Z_cb9491e,IEEE,Crossref,Crossref DOI-prefix search,Q17,"quantum ""Schrödinger bridge"" diffusion",10.1109/icassp55912.2026.11460455,Structure-Aware Diffusion Schrödinger Bridge,structure aware diffusion schrodinger bridge,,Dawnlicity Charls; Tharmakulasingam Sirojan; Vidhyasaharan Sethu; Beena Ahmed,Dawnlicity Charls,2026-05-03,2026,2026-04-22,10.1109/icassp55912.2026.11460455,10.1109/icassp55912.2026.11460455,,IEEE,"ICASSP 2026 - 2026 IEEE International Conference on Acoustics, Speech and Signal Processing (ICASSP)",proceedings-article,,,,,4906-4910,,,https://doi.org/10.15223/policy-029; https://doi.org/10.15223/policy-037,True,https://doi.org/10.1109/icassp55912.2026.11460455,,,data/raw/2026-07-09T173807Z_cb9491e/ieee_crossref/Q17_10_1109_page0.json.gz,2026-07-09T17:38:17.237739+00:00,7.0,diffusion:3; \bschr[oö]dinger bridge\b:4,,score=7; positives=2; negatives=0,Schrödinger bridge,valid,DOI prefix matches 10.1109; publisher=IEEE,D00023,IEEE,not_screened,,
2026-07-09T173807Z_cb9491e_R000033,2026-07-09T173807Z_cb9491e,IEEE,Crossref,Crossref DOI-prefix search,Q18,"quantum ""Schrodinger bridge"" diffusion",10.1109/nss/mic/rtsd57108.2024.10657633,PET Image Denoising based on Diffusion Schrodinger Bridge Model,pet image denoising based on diffusion schrodinger bridge model,,S. Yoon; Y. Wang; Y.-D. Son; Q. Li; K. Kim,S. Yoon,2024-10-26,2024,2024-12-16,10.1109/nss/mic/rtsd57108.2024.10657633,10.1109/nss/mic/rtsd57108.2024.10657633,,IEEE,"2024 IEEE Nuclear Science Symposium (NSS), Medical Imaging Conference (MIC) and Room Temperature Semiconductor Detector Conference (RTSD)",proceedings-article,,,,,1-1,,,https://doi.org/10.15223/policy-029; https://doi.org/10.15223/policy-037,True,https://doi.org/10.1109/nss/mic/rtsd57108.2024.10657633,,,data/raw/2026-07-09T173807Z_cb9491e/ieee_crossref/Q18_10_1109_page0.json.gz,2026-07-09T17:38:17.438131+00:00,7.0,diffusion:3; \bschr[oö]dinger bridge\b:4,,score=7; positives=2; negatives=0,Schrödinger bridge,valid,DOI prefix matches 10.1109; publisher=IEEE,D00024,IEEE,not_screened,,
2026-07-09T173807Z_cb9491e_R000034,2026-07-09T173807Z_cb9491e,Springer,Crossref,Crossref DOI-prefix search,Q01,"""quantum diffusion model""",10.1007/s42484-026-00352-1,Quantum latent diffusion model for high-dimensional state generation,quantum latent diffusion model for high dimensional state generation,,Guangxi Li; Mingrui Jing; Chenghong Zhu; Xin Wang,Guangxi Li,2026-06-01,2026,2026-07-01,10.1007/s42484-026-00352-1,10.1007/s42484-026-00352-1,,Springer Science and Business Media LLC,Quantum Machine Intelligence,journal-article,2524-4906; 2524-4914,,8,1,,,,https://www.springernature.com/gp/researchers/text-and-data-mining; https://www.springernature.com/gp/researchers/text-and-data-mining,True,https://doi.org/10.1007/s42484-026-00352-1,,,data/raw/2026-07-09T173807Z_cb9491e/springer_crossref/Q01_10_1007_page0.json.gz,2026-07-09T17:38:17.926212+00:00,12.0,quantum:3; diffusion:3; \bdiffusion model(s)?\b:6,,score=12; positives=3; negatives=0,other / manual assessment required,valid,DOI prefix matches 10.1007; publisher=Springer Science and Business Media LLC,D00025,Springer,not_screened,,
2026-07-09T173807Z_cb9491e_R000035,2026-07-09T173807Z_cb9491e,Springer,Crossref,Crossref DOI-prefix search,Q02,"""quantum diffusion models""",10.1007/s42484-024-00224-6,Quantum latent diffusion models,quantum latent diffusion models,,Francesca De Falco; Andrea Ceschini; Alessandro Sebastianelli; Bertrand Le Saux; Massimo Panella,Francesca De Falco,2024-12-01,2024,2024-12-23,10.1007/s42484-024-00224-6,10.1007/s42484-024-00224-6,,Springer Science and Business Media LLC,Quantum Machine Intelligence,journal-article,2524-4906; 2524-4914,,6,2,,,,https://www.springernature.com/gp/researchers/text-and-data-mining; https://www.springernature.com/gp/researchers/text-and-data-mining,True,https://doi.org/10.1007/s42484-024-00224-6,,,data/raw/2026-07-09T173807Z_cb9491e/springer_crossref/Q02_10_1007_page0.json.gz,2026-07-09T17:38:18.143271+00:00,12.0,quantum:3; diffusion:3; \bdiffusion model(s)?\b:6,,score=12; positives=3; negatives=0,other / manual assessment required,valid,DOI prefix matches 10.1007; publisher=Springer Science and Business Media LLC,D00026,Springer,not_screened,,
2026-07-09T173807Z_cb9491e_R000036,2026-07-09T173807Z_cb9491e,Springer,Crossref,Crossref DOI-prefix search,Q03,"""quantum denoising diffusion""",10.1007/s11128-023-04239-z,Denoising quantum mixed states using quantum autoencoders,denoising quantum mixed states using quantum autoencoders,,Ming-Ming Wang,Ming-Ming Wang,2024-01-25,2024,2024-02-21,10.1007/s11128-023-04239-z,10.1007/s11128-023-04239-z,,Springer Science and Business Media LLC,Quantum Information Processing,journal-article,1573-1332,,23,2,,,,https://www.springernature.com/gp/researchers/text-and-data-mining; https://www.springernature.com/gp/researchers/text-and-data-mining,True,https://doi.org/10.1007/s11128-023-04239-z,,,data/raw/2026-07-09T173807Z_cb9491e/springer_crossref/Q03_10_1007_page0.json.gz,2026-07-09T17:38:18.331460+00:00,3.0,quantum:3,,score=3; positives=1; negatives=0,other / manual assessment required,valid,DOI prefix matches 10.1007; publisher=Springer Science and Business Media LLC,D00027,Springer,not_screened,,
2026-07-09T173807Z_cb9491e_R000037,2026-07-09T173807Z_cb9491e,Springer,Crossref,Crossref DOI-prefix search,Q04,"""quantum score-based""",10.1007/s11128-022-03758-5,Multiparty quantum private comparison based on quantum walks,multiparty quantum private comparison based on quantum walks,,Justin Joseph; Syed Taqi Ali,Justin Joseph,2022-12-12,2022,2023-02-15,10.1007/s11128-022-03758-5,10.1007/s11128-022-03758-5,,Springer Science and Business Media LLC,Quantum Information Processing,journal-article,1573-1332,,22,1,,,,https://www.springernature.com/gp/researchers/text-and-data-mining; https://www.springernature.com/gp/researchers/text-and-data-mining,True,https://doi.org/10.1007/s11128-022-03758-5,,,data/raw/2026-07-09T173807Z_cb9491e/springer_crossref/Q04_10_1007_page0.json.gz,2026-07-09T17:38:18.576178+00:00,2.0,quantum:3,\bquantum walk(s)?\b:-1,score=2; positives=1; negatives=1,other / manual assessment required,valid,DOI prefix matches 10.1007; publisher=Springer Science and Business Media LLC,D00028,Springer,not_screened,,
2026-07-09T173807Z_cb9491e_R000039,2026-07-09T173807Z_cb9491e,Springer,Crossref,Crossref DOI-prefix search,Q06,"""stochastic Schrödinger diffusion""",10.1007/978-3-030-82331-3_11,Exact Controllability for Stochastic Schrödinger Equations,exact controllability for stochastic schrodinger equations,,Qi Lü; Xu Zhang,Qi Lü,2021-01-01,2021,2021-11-29,10.1007/978-3-030-82331-3_11,10.1007/978-3-030-82331-3_11,,Springer International Publishing,Probability Theory and Stochastic Modelling,book-chapter,2199-3130; 2199-3149,9783030823306; 9783030823313,,,363-385,,,https://www.springer.com/tdm; https://www.springer.com/tdm,True,https://doi.org/10.1007/978-3-030-82331-3_11,,,data/raw/2026-07-09T173807Z_cb9491e/springer_crossref/Q06_10_1007_page0.json.gz,2026-07-09T17:38:18.974917+00:00,0.0,,,score=0; positives=0; negatives=0,other / manual assessment required,valid,DOI prefix matches 10.1007; publisher=Springer International Publishing,D00029,Springer,not_screened,,
2026-07-09T173807Z_cb9491e_R000040,2026-07-09T173807Z_cb9491e,Springer,Crossref,Crossref DOI-prefix search,Q07,"""stochastic Schrodinger diffusion""",10.1007/s40828-020-0108-1,"Stochastic reaction, stochastic diffusion",stochastic reaction stochastic diffusion,,J. I. Carrero; J. S. Loaiza; A. Serna,J. I. Carrero,2020-06-01,2020,2021-04-09,10.1007/s40828-020-0108-1,10.1007/s40828-020-0108-1,,Springer Science and Business Media LLC,ChemTexts,journal-article,2199-3793,,6,2,,,,https://www.springer.com/tdm; https://www.springer.com/tdm,True,https://doi.org/10.1007/s40828-020-0108-1,,,data/raw/2026-07-09T173807Z_cb9491e/springer_crossref/Q07_10_1007_page0.json.gz,2026-07-09T17:38:19.168061+00:00,3.0,diffusion:3,,score=3; positives=1; negatives=0,other / manual assessment required,valid,DOI prefix matches 10.1007; publisher=Springer Science and Business Media LLC,D00030,Springer,not_screened,,
2026-07-09T173807Z_cb9491e_R000041,2026-07-09T173807Z_cb9491e,Springer,Crossref,Crossref DOI-prefix search,Q08,"""quantum generative model"" diffusion",10.1007/978-981-96-0029-8_11,Diffusion Model,diffusion model,,Takeshi Okadome,Takeshi Okadome,2025-01-01,2025,2025-02-01,10.1007/978-981-96-0029-8_11,10.1007/978-981-96-0029-8_11,,Springer Nature Singapore,Essentials of Generative AI,book-chapter,,9789819600281; 9789819600298,,,153-176,,,https://www.springernature.com/gp/researchers/text-and-data-mining; https://www.springernature.com/gp/researchers/text-and-data-mining,True,https://doi.org/10.1007/978-981-96-0029-8_11,,,data/raw/2026-07-09T173807Z_cb9491e/springer_crossref/Q08_10_1007_page0.json.gz,2026-07-09T17:38:19.370832+00:00,9.0,diffusion:3; \bdiffusion model(s)?\b:6,,score=9; positives=2; negatives=0,other / manual assessment required,valid,DOI prefix matches 10.1007; publisher=Springer Nature Singapore,D00031,Springer,not_screened,,
2026-07-09T173807Z_cb9491e_R000042,2026-07-09T173807Z_cb9491e,Springer,Crossref,Crossref DOI-prefix search,Q09,"""quantum generative models"" diffusion",10.1007/978-3-031-80965-1_4,Conditional Image Synthesis Using Generative Diffusion Models: Application to Pathological Prostate MR Image Generation,conditional image synthesis using generative diffusion models application to pathological prostate mr image generation,,Shaheer U. Saeed; Yipeng Hu,Shaheer U. Saeed,2025-01-01,2025,2025-03-12,10.1007/978-3-031-80965-1_4,10.1007/978-3-031-80965-1_4,,Springer Nature Switzerland,Generative Machine Learning Models in Medical Image Computing,book-chapter,,9783031809644; 9783031809651,,,65-82,,,https://www.springernature.com/gp/researchers/text-and-data-mining; https://www.springernature.com/gp/researchers/text-and-data-mining,True,https://doi.org/10.1007/978-3-031-80965-1_4,,,data/raw/2026-07-09T173807Z_cb9491e/springer_crossref/Q09_10_1007_page0.json.gz,2026-07-09T17:38:19.587241+00:00,9.0,diffusion:3; \bdiffusion model(s)?\b:6,,score=9; positives=2; negatives=0,other / manual assessment required,valid,DOI prefix matches 10.1007; publisher=Springer Nature Switzerland,D00032,Springer,not_screened,,
2026-07-09T173807Z_cb9491e_R000043,2026-07-09T173807Z_cb9491e,Springer,Crossref,Crossref DOI-prefix search,Q10,"""quantum circuit"" ""diffusion model""",10.1007/s11128-025-04850-2,On the quantum circuit model of a kind of quantum adiabatic evolution,on the quantum circuit model of a kind of quantum adiabatic evolution,,Jie Sun,Jie Sun,2025-07-29,2025,2025-09-08,10.1007/s11128-025-04850-2,10.1007/s11128-025-04850-2,,Springer Science and Business Media LLC,Quantum Information Processing,journal-article,1573-1332,,24,8,,,,https://www.springernature.com/gp/researchers/text-and-data-mining; https://www.springernature.com/gp/researchers/text-and-data-mining,True,https://doi.org/10.1007/s11128-025-04850-2,,,data/raw/2026-07-09T173807Z_cb9491e/springer_crossref/Q10_10_1007_page0.json.gz,2026-07-09T17:38:19.790728+00:00,6.0,quantum:3; \bquantum circuit(s)?\b:3,,score=6; positives=2; negatives=0,quantum circuit diffusion,valid,DOI prefix matches 10.1007; publisher=Springer Science and Business Media LLC,D00033,Springer,not_screened,,
2026-07-09T173807Z_cb9491e_R000044,2026-07-09T173807Z_cb9491e,Springer,Crossref,Crossref DOI-prefix search,Q11,"""quantum neural network"" ""diffusion model""",10.1007/s11128-023-04217-5,Shallow hybrid quantum-classical convolutional neural network model for image classification,shallow hybrid quantum classical convolutional neural network model for image classification,,Aijuan Wang; Jianglong Hu; Shiyue Zhang; Lusi Li,Aijuan Wang,2024-01-05,2024,2024-02-04,10.1007/s11128-023-04217-5,10.1007/s11128-023-04217-5,,Springer Science and Business Media LLC,Quantum Information Processing,journal-article,1573-1332,,23,1,,,,https://www.springernature.com/gp/researchers/text-and-data-mining; https://www.springernature.com/gp/researchers/text-and-data-mining,True,https://doi.org/10.1007/s11128-023-04217-5,,,data/raw/2026-07-09T173807Z_cb9491e/springer_crossref/Q11_10_1007_page0.json.gz,2026-07-09T17:38:20.077543+00:00,3.0,quantum:3,,score=3; positives=1; negatives=0,other / manual assessment required,valid,DOI prefix matches 10.1007; publisher=Springer Science and Business Media LLC,D00034,Springer,not_screened,,
2026-07-09T173807Z_cb9491e_R000045,2026-07-09T173807Z_cb9491e,Springer,Crossref,Crossref DOI-prefix search,Q12,"""variational quantum"" ""diffusion model""",10.1007/s44464-026-00006-y,Quantum distortion model for running variational quantum algorithms without error corrections,quantum distortion model for running variational quantum algorithms without error corrections,"<jats:title>Abstract</jats:title> <jats:p>The classical distortion models similarly to temporal data analysis provide a way to predict the trends in the output of the algorithms and discard the anomalies in the output which may impact the accuracy of the method. In this paper, we introduce a quantum distortion modeling framework that enables variational quantum algorithms to operate effectively in the presence of errors without traditional error correction. Drawing inspirations from classical distortion-tolerant computing, we describe different distortions measures and formulation which can be used in variational quantum algorithms. In particular, we develop mathematical foundations for distortion metrics including energy progression, parameter stability, and state fidelity distortions, and demonstrate their applicability to variational quantum eigensolver, quantum approximate optimization algorithm, and quantum power method. We believe this paper will provide a milestone for distortion-aware quantum computing which can expand the practical applicability of the pre-fault-tolerant era devices to problems where approximate solutions provide sufficient value, representing a paradigm shift from exact error elimination to managed accuracy degradation.</jats:p>",Ammar Daskin,Ammar Daskin,2026-01-27,2026,2026-01-27,10.1007/s44464-026-00006-y,10.1007/s44464-026-00006-y,,Springer Science and Business Media LLC,Discover Quantum Science,journal-article,3059-4529,,2,1,,,,https://creativecommons.org/licenses/by/4.0; https://creativecommons.org/licenses/by/4.0,True,https://doi.org/10.1007/s44464-026-00006-y,,,data/raw/2026-07-09T173807Z_cb9491e/springer_crossref/Q12_10_1007_page0.json.gz,2026-07-09T17:38:20.291657+00:00,6.0,quantum:3; \bvariational quantum\b:3,,score=6; positives=2; negatives=0,variational quantum diffusion,valid,DOI prefix matches 10.1007; publisher=Springer Science and Business Media LLC,D00035,Springer,not_screened,,
2026-07-09T173807Z_cb9491e_R000047,2026-07-09T173807Z_cb9491e,Springer,Crossref,Crossref DOI-prefix search,Q14,"quantum ""denoising diffusion probabilistic model""",10.1007/s00259-023-06417-8,PET image denoising based on denoising diffusion probabilistic model,pet image denoising based on denoising diffusion probabilistic model,,Kuang Gong; Keith Johnson; Georges El Fakhri; Quanzheng Li; Tinsu Pan,Kuang Gong,2024-01-01,2024,2024-01-08,10.1007/s00259-023-06417-8,10.1007/s00259-023-06417-8,,Springer Science and Business Media LLC,European Journal of Nuclear Medicine and Molecular Imaging,journal-article,1619-7070; 1619-7089,,51,2,358-368,,,https://www.springernature.com/gp/researchers/text-and-data-mining; https://www.springernature.com/gp/researchers/text-and-data-mining,True,https://doi.org/10.1007/s00259-023-06417-8,,,data/raw/2026-07-09T173807Z_cb9491e/springer_crossref/Q14_10_1007_page0.json.gz,2026-07-09T17:38:20.726311+00:00,18.0,diffusion:3; \bdenoising diffusion\b:7; \bdenoising diffusion probabilistic model(s)?\b:8,,score=18; positives=3; negatives=0,DDPM / denoising diffusion,valid,DOI prefix matches 10.1007; publisher=Springer Science and Business Media LLC,D00036,Springer,not_screened,,
2026-07-09T173807Z_cb9491e_R000048,2026-07-09T173807Z_cb9491e,Springer,Crossref,Crossref DOI-prefix search,Q15,quantum DDPM,10.1007/s12530-024-09644-y,A network traffic data generation model based on AOT-DDPM for abnormal traffic detection,a network traffic data generation model based on aot ddpm for abnormal traffic detection,,Xingyu Gong; Siyu Chen; Na Li,Xingyu Gong,2025-02-01,2025,2024-11-28,10.1007/s12530-024-09644-y,10.1007/s12530-024-09644-y,,Springer Science and Business Media LLC,Evolving Systems,journal-article,1868-6478; 1868-6486,,16,1,,,,https://www.springernature.com/gp/researchers/text-and-data-mining; https://www.springernature.com/gp/researchers/text-and-data-mining,True,https://doi.org/10.1007/s12530-024-09644-y,,,data/raw/2026-07-09T173807Z_cb9491e/springer_crossref/Q15_10_1007_page0.json.gz,2026-07-09T17:38:20.904494+00:00,6.0,\bddpm\b:6,,score=6; positives=1; negatives=0,DDPM / denoising diffusion,valid,DOI prefix matches 10.1007; publisher=Springer Science and Business Media LLC,D00037,Springer,not_screened,,
2026-07-09T173807Z_cb9491e_R000049,2026-07-09T173807Z_cb9491e,Springer,Crossref,Crossref DOI-prefix search,Q16,"quantum ""score matching"" diffusion",10.1007/s11553-023-01048-1,KI basierter Rapid Evidence Generator mit risikoadjustiertem Propensity Score Matching,ki basierter rapid evidence generator mit risikoadjustiertem propensity score matching,"<jats:title>Zusammenfassung</jats:title><jats:sec> <jats:title>Hintergrund</jats:title> <jats:p>Der „Rapid Evidence Generator“ (REG) wurde im Deutsch-Kanadischen Kooperationsprojekt „AI based Risk Prediction and Treatment Effect Estimation“ (AIR_PTE) entwickelt und vom Programm „Smart Datenwirtschaft“ des Bundesministeriums für Wirtschaft und Klimaschutz gefördert. Er nutzt moderne KI basierte Risikomodelle, um ein risikoadjustiertes Propensity Score Matching (RAPSM) umzusetzen.</jats:p> </jats:sec><jats:sec> <jats:title>Daten und Methoden</jats:title> <jats:p>Der REG wurde auf Basis der in Deutschland und Kanada regelhaft verfügbaren Abrechnungsdaten der gesetzlichen Krankenversicherungen anhand einer Studie zu Behandlungseffekten bei tiefer Venenthrombose entwickelt. Die REG-Methoden wurden dabei auch auf die Anforderungen der Kosteneffektivitätsanalyse eines deutschen geriatrischen Coaching-Programms angepasst und angewendet.</jats:p> </jats:sec><jats:sec> <jats:title>Ergebnisse</jats:title> <jats:p>Die bisher verfügbaren Studienergebnisse zeigen, dass die REG-Methoden eine schnelle, kostengünstige und valide Alternative bieten, um Real-World-Evidenz durch retrospektive Kohortenstudien auch bei nicht für klinische Studien geeigneten Populationen und Indikationen zu generieren</jats:p> </jats:sec><jats:sec> <jats:title>Schlussfolgerungen</jats:title> <jats:p>Die REG-Ergebnisse können für die Fokussierung von Versorgungsinnovationen sowie für Zulassungs- und Post-market-Surveillance-Studien genutzt werden und Mediziner bei Entscheidungen unterstützen. Die REG-Methoden sind aktuell als Formular der eva-Plattform und als Python-Modul der DCC Contract Smart Suite sowie als Servicemodell anwendbar.</jats:p> </jats:sec>",Thomas P. Zahn; Eric Hesse; Anamaria Herrera-Rodriguez; Jochen Walker; Dirk Enders,Thomas P. Zahn,2023-07-07,2023,2023-07-07,10.1007/s11553-023-01048-1,10.1007/s11553-023-01048-1,,Springer Science and Business Media LLC,Prävention und Gesundheitsförderung,journal-article,1861-6755; 1861-6763,,,,,,,https://creativecommons.org/licenses/by/4.0; https://creativecommons.org/licenses/by/4.0,True,https://doi.org/10.1007/s11553-023-01048-1,,,data/raw/2026-07-09T173807Z_cb9491e/springer_crossref/Q16_10_1007_page0.json.gz,2026-07-09T17:38:21.151533+00:00,5.0,\bscore matching\b:5,,score=5; positives=1; negatives=0,score-based diffusion,valid,DOI prefix matches 10.1007; publisher=Springer Science and Business Media LLC,D00038,Springer,not_screened,,
2026-07-09T173807Z_cb9491e_R000050,2026-07-09T173807Z_cb9491e,Springer,Crossref,Crossref DOI-prefix search,Q17,"quantum ""Schrödinger bridge"" diffusion",10.1007/s11128-021-03252-4,Quantum contracts between Schrödinger and a cat,quantum contracts between schrodinger and a cat,,Kazuki Ikeda,Kazuki Ikeda,2021-09-01,2021,2021-10-05,10.1007/s11128-021-03252-4,10.1007/s11128-021-03252-4,,Springer Science and Business Media LLC,Quantum Information Processing,journal-article,1570-0755; 1573-1332,,20,9,,,,https://www.springer.com/tdm; https://www.springer.com/tdm,True,https://doi.org/10.1007/s11128-021-03252-4,,,data/raw/2026-07-09T173807Z_cb9491e/springer_crossref/Q17_10_1007_page0.json.gz,2026-07-09T17:38:21.424970+00:00,3.0,quantum:3,,score=3; positives=1; negatives=0,other / manual assessment required,valid,DOI prefix matches 10.1007; publisher=Springer Science and Business Media LLC,D00039,Springer,not_screened,,
2026-07-09T173807Z_cb9491e_R000051,2026-07-09T173807Z_cb9491e,Springer,Crossref,Crossref DOI-prefix search,Q18,"quantum ""Schrodinger bridge"" diffusion",10.1007/978-3-030-63300-4_1,Time-dependent Schrodinger equation,time dependent schrodinger equation,,Luca Salasnich,Luca Salasnich,2020-01-01,2020,2020-10-30,10.1007/978-3-030-63300-4_1,10.1007/978-3-030-63300-4_1,,Springer International Publishing,Quantum Physics of Light and Matter - Quantum Field Theory of Non-Relativistic Matter,book-chapter,,9783030633004,,,,,,http://www.springer.com/tdm; http://www.springer.com/tdm,True,https://doi.org/10.1007/978-3-030-63300-4_1,,,data/raw/2026-07-09T173807Z_cb9491e/springer_crossref/Q18_10_1007_page0.json.gz,2026-07-09T17:38:21.614660+00:00,3.0,quantum:3,,score=3; positives=1; negatives=0,other / manual assessment required,valid,DOI prefix matches 10.1007; publisher=Springer International Publishing,D00040,Springer,not_screened,,
